<?xml version="1.0" encoding="UTF-8"?>
<mxGraphModel dx="938" dy="462" grid="1" gridSize="10" guides="1" tooltips="1" connect="1" arrows="1" fold="1" page="1" pageScale="1" pageWidth="827" pageHeight="1169" background="#ffffff" math="0" shadow="0"><root><mxCell id="0"/><mxCell id="1" parent="0"/><mxCell id="11" style="edgeStyle=orthogonalEdgeStyle;rounded=0;html=1;exitX=1;exitY=0.5;entryX=0;entryY=0.5;jettySize=auto;orthogonalLoop=1;dashed=1;" parent="1" source="2" target="4" edge="1"><mxGeometry relative="1" as="geometry"/></mxCell><mxCell id="21" style="edgeStyle=orthogonalEdgeStyle;rounded=0;html=1;exitX=0.5;exitY=1;entryX=0.5;entryY=0;jettySize=auto;orthogonalLoop=1;" parent="1" source="2" target="13" edge="1"><mxGeometry relative="1" as="geometry"/></mxCell><mxCell id="43bd0042bc9d1356-35" style="edgeStyle=none;rounded=0;html=1;exitX=0.5;exitY=0;jettySize=auto;orthogonalLoop=1;endArrow=none;endFill=0;" edge="1" parent="1" source="2"><mxGeometry relative="1" as="geometry"><mxPoint x="160" y="390" as="targetPoint"/></mxGeometry></mxCell><mxCell id="2" value="- Riferimento al MODEL" style="rounded=0;whiteSpace=wrap;html=1;" parent="1" vertex="1"><mxGeometry x="85" y="458" width="150" height="60" as="geometry"/></mxCell><mxCell id="43bd0042bc9d1356-27" style="rounded=0;html=1;exitX=0.5;exitY=1;entryX=1.011;entryY=0.188;entryPerimeter=0;jettySize=auto;orthogonalLoop=1;" edge="1" parent="1" source="4" target="13"><mxGeometry relative="1" as="geometry"/></mxCell><mxCell id="43bd0042bc9d1356-28" value="Modifica / Aggiorna&lt;div&gt;stato&lt;/div&gt;" style="text;html=1;resizable=0;points=[];align=center;verticalAlign=middle;labelBackgroundColor=#ffffff;" vertex="1" connectable="0" parent="43bd0042bc9d1356-27"><mxGeometry x="-0.1038" y="1" relative="1" as="geometry"><mxPoint as="offset"/></mxGeometry></mxCell><mxCell id="43bd0042bc9d1356-36" style="edgeStyle=none;rounded=0;html=1;exitX=0;exitY=0.25;entryX=1;entryY=0.25;endArrow=openThin;endFill=0;jettySize=auto;orthogonalLoop=1;startArrow=none;startFill=0;" edge="1" parent="1" source="4" target="2"><mxGeometry relative="1" as="geometry"/></mxCell><mxCell id="43bd0042bc9d1356-37" value="Seleziona VIEW" style="text;html=1;resizable=0;points=[];align=center;verticalAlign=middle;labelBackgroundColor=#ffffff;" vertex="1" connectable="0" parent="43bd0042bc9d1356-36"><mxGeometry x="0.1065" relative="1" as="geometry"><mxPoint x="21" y="-13" as="offset"/></mxGeometry></mxCell><mxCell id="4" value="&lt;span&gt;- Riferimento a MODEL&lt;/span&gt;" style="rounded=0;whiteSpace=wrap;html=1;" parent="1" vertex="1"><mxGeometry x="535" y="458" width="170" height="60" as="geometry"/></mxCell><mxCell id="5" value="&lt;div style=&quot;text-align: center&quot;&gt;&lt;u style=&quot;font-size: 12px&quot;&gt;VIEW&lt;/u&gt;&lt;/div&gt;" style="text;html=1;resizable=0;points=[];autosize=1;align=left;verticalAlign=top;spacingTop=-4;" parent="1" vertex="1"><mxGeometry x="85" y="435" width="50" height="10" as="geometry"/></mxCell><mxCell id="6" value="&lt;div style=&quot;text-align: center&quot;&gt;&lt;u style=&quot;font-size: 12px&quot;&gt;CONTROLLER&lt;/u&gt;&lt;/div&gt;" style="text;html=1;resizable=0;points=[];autosize=1;align=left;verticalAlign=top;spacingTop=-4;" parent="1" vertex="1"><mxGeometry x="555" y="435" width="100" height="10" as="geometry"/></mxCell><mxCell id="12" value="Azione utente" style="text;html=1;resizable=0;points=[];autosize=1;align=left;verticalAlign=top;spacingTop=-4;" parent="1" vertex="1"><mxGeometry x="345" y="493" width="90" height="10" as="geometry"/></mxCell><mxCell id="13" value="&lt;div style=&quot;text-align: left&quot;&gt;&lt;br&gt;&lt;/div&gt;" style="rounded=0;whiteSpace=wrap;html=1;" parent="1" vertex="1"><mxGeometry x="85" y="638" width="150" height="160" as="geometry"/></mxCell><mxCell id="15" value="&lt;div&gt;&lt;span&gt;Model Object&lt;/span&gt;&lt;/div&gt;" style="text;html=1;resizable=0;points=[];autosize=1;align=left;verticalAlign=top;spacingTop=-4;" parent="1" vertex="1"><mxGeometry x="100" y="660" width="90" height="10" as="geometry"/></mxCell><mxCell id="17" value="DAOObject&lt;div&gt;DAOObj_interface&lt;/div&gt;" style="rounded=0;whiteSpace=wrap;html=1;" parent="1" vertex="1"><mxGeometry x="100" y="718" width="110" height="60" as="geometry"/></mxCell><mxCell id="18" value="&lt;u&gt;DAO&lt;/u&gt;" style="text;html=1;resizable=0;points=[];autosize=1;align=left;verticalAlign=top;spacingTop=-4;" parent="1" vertex="1"><mxGeometry x="100" y="698" width="40" height="10" as="geometry"/></mxCell><mxCell id="22" value="&lt;div style=&quot;text-align: center&quot;&gt;&lt;span style=&quot;font-size: 12px&quot;&gt;Richiesta&lt;/span&gt;&lt;/div&gt;&lt;div style=&quot;text-align: center&quot;&gt;&amp;nbsp;stato&lt;/div&gt;" style="text;html=1;resizable=0;points=[];autosize=1;align=left;verticalAlign=top;spacingTop=-4;" parent="1" vertex="1"><mxGeometry x="90" y="554" width="60" height="30" as="geometry"/></mxCell><mxCell id="43bd0042bc9d1356-22" value="" style="shape=doubleArrow;whiteSpace=wrap;html=1;fillColor=#0F0F0F;strokeColor=#000000;" vertex="1" parent="1"><mxGeometry x="240" y="720" width="180" height="28" as="geometry"/></mxCell><mxCell id="43bd0042bc9d1356-23" value="JDBC" style="text;html=1;resizable=0;points=[];autosize=1;align=left;verticalAlign=top;spacingTop=-4;" vertex="1" parent="1"><mxGeometry x="305" y="703" width="50" height="10" as="geometry"/></mxCell><mxCell id="43bd0042bc9d1356-24" value="" style="shape=cylinder;whiteSpace=wrap;html=1;boundedLbl=1;fillColor=#ffffff;strokeColor=#000000;" vertex="1" parent="1"><mxGeometry x="425" y="663" width="80" height="110" as="geometry"/></mxCell><mxCell id="43bd0042bc9d1356-29" value="&lt;div style=&quot;text-align: center&quot;&gt;&lt;u style=&quot;font-size: 12px&quot;&gt;MODEL&lt;/u&gt;&lt;/div&gt;" style="text;html=1;resizable=0;points=[];autosize=1;align=left;verticalAlign=top;spacingTop=-4;" vertex="1" parent="1"><mxGeometry x="85" y="618" width="60" height="10" as="geometry"/></mxCell><mxCell id="43bd0042bc9d1356-33" value="Utente" style="shape=umlActor;verticalLabelPosition=bottom;labelBackgroundColor=#ffffff;verticalAlign=top;html=1;fillColor=#ffffff;strokeColor=#000000;" vertex="1" parent="1"><mxGeometry x="145" y="300" width="30" height="60" as="geometry"/></mxCell></root></mxGraphModel>