<?xml version="1.0" encoding="UTF-8"?>
<mxGraphModel dx="1642" dy="809" grid="1" gridSize="10" guides="1" tooltips="1" connect="1" arrows="1" fold="1" page="1" pageScale="1" pageWidth="827" pageHeight="1169" background="#ffffff" math="0" shadow="0"><root><mxCell id="0"/><mxCell id="1" parent="0"/><mxCell id="34cfff1b992ebeaa-8" style="edgeStyle=none;rounded=0;html=1;exitX=1;exitY=0.5;entryX=0;entryY=0.5;endArrow=none;endFill=0;jettySize=auto;orthogonalLoop=1;" edge="1" parent="1" source="34cfff1b992ebeaa-1" target="34cfff1b992ebeaa-7"><mxGeometry relative="1" as="geometry"/></mxCell><mxCell id="34cfff1b992ebeaa-12" value="(1,1)" style="text;html=1;resizable=0;points=[];align=center;verticalAlign=middle;labelBackgroundColor=#ffffff;" vertex="1" connectable="0" parent="34cfff1b992ebeaa-8"><mxGeometry x="-0.7148" y="-1" relative="1" as="geometry"><mxPoint x="11" y="-1" as="offset"/></mxGeometry></mxCell><mxCell id="34cfff1b992ebeaa-10" style="edgeStyle=none;rounded=0;html=1;exitX=0.25;exitY=0;endArrow=oval;endFill=0;jettySize=auto;orthogonalLoop=1;" edge="1" parent="1" source="34cfff1b992ebeaa-1"><mxGeometry relative="1" as="geometry"><mxPoint x="50.068965517241395" y="70" as="targetPoint"/></mxGeometry></mxCell><mxCell id="34cfff1b992ebeaa-11" style="edgeStyle=none;rounded=0;html=1;exitX=0.75;exitY=0;endArrow=oval;endFill=0;jettySize=auto;orthogonalLoop=1;" edge="1" parent="1" source="34cfff1b992ebeaa-1"><mxGeometry relative="1" as="geometry"><mxPoint x="110.0689655172414" y="70" as="targetPoint"/></mxGeometry></mxCell><mxCell id="34cfff1b992ebeaa-1" value="TIMELINE" style="rounded=0;whiteSpace=wrap;html=1;fillColor=#ffffff;strokeColor=#000000;" vertex="1" parent="1"><mxGeometry x="20" y="90" width="120" height="60" as="geometry"/></mxCell><mxCell id="34cfff1b992ebeaa-14" style="rounded=0;html=1;exitX=0;exitY=0.25;startArrow=none;startFill=0;endArrow=oval;endFill=1;jettySize=auto;orthogonalLoop=1;edgeStyle=orthogonalEdgeStyle;" edge="1" parent="1" source="34cfff1b992ebeaa-3"><mxGeometry relative="1" as="geometry"><mxPoint x="320" y="80" as="targetPoint"/></mxGeometry></mxCell><mxCell id="34cfff1b992ebeaa-15" style="edgeStyle=orthogonalEdgeStyle;rounded=0;html=1;exitX=0.25;exitY=0;startArrow=none;startFill=0;endArrow=oval;endFill=0;jettySize=auto;orthogonalLoop=1;" edge="1" parent="1" source="34cfff1b992ebeaa-3"><mxGeometry relative="1" as="geometry"><mxPoint x="370" y="70" as="targetPoint"/></mxGeometry></mxCell><mxCell id="34cfff1b992ebeaa-16" style="edgeStyle=orthogonalEdgeStyle;rounded=0;html=1;exitX=0.5;exitY=0;startArrow=none;startFill=0;endArrow=oval;endFill=0;jettySize=auto;orthogonalLoop=1;" edge="1" parent="1" source="34cfff1b992ebeaa-3"><mxGeometry relative="1" as="geometry"><mxPoint x="414" y="50" as="targetPoint"/></mxGeometry></mxCell><mxCell id="34cfff1b992ebeaa-17" style="edgeStyle=orthogonalEdgeStyle;rounded=0;html=1;exitX=0.75;exitY=0;startArrow=none;startFill=0;endArrow=oval;endFill=0;jettySize=auto;orthogonalLoop=1;" edge="1" parent="1" source="34cfff1b992ebeaa-3"><mxGeometry relative="1" as="geometry"><mxPoint x="460" y="70" as="targetPoint"/></mxGeometry></mxCell><mxCell id="34cfff1b992ebeaa-18" style="edgeStyle=orthogonalEdgeStyle;rounded=0;html=1;exitX=1;exitY=0.25;startArrow=none;startFill=0;endArrow=oval;endFill=0;jettySize=auto;orthogonalLoop=1;" edge="1" parent="1" source="34cfff1b992ebeaa-3"><mxGeometry relative="1" as="geometry"><mxPoint x="510" y="80" as="targetPoint"/></mxGeometry></mxCell><mxCell id="34cfff1b992ebeaa-19" style="edgeStyle=orthogonalEdgeStyle;rounded=0;html=1;exitX=0;exitY=0.75;startArrow=none;startFill=0;endArrow=oval;endFill=0;jettySize=auto;orthogonalLoop=1;" edge="1" parent="1" source="34cfff1b992ebeaa-3"><mxGeometry relative="1" as="geometry"><mxPoint x="320" y="160" as="targetPoint"/></mxGeometry></mxCell><mxCell id="34cfff1b992ebeaa-20" style="edgeStyle=orthogonalEdgeStyle;rounded=0;html=1;exitX=0.25;exitY=1;startArrow=none;startFill=0;endArrow=oval;endFill=0;jettySize=auto;orthogonalLoop=1;" edge="1" parent="1" source="34cfff1b992ebeaa-3"><mxGeometry relative="1" as="geometry"><mxPoint x="370" y="170" as="targetPoint"/></mxGeometry></mxCell><mxCell id="34cfff1b992ebeaa-22" style="edgeStyle=orthogonalEdgeStyle;rounded=0;html=1;exitX=0.75;exitY=1;startArrow=none;startFill=0;endArrow=oval;endFill=0;jettySize=auto;orthogonalLoop=1;" edge="1" parent="1" source="34cfff1b992ebeaa-3"><mxGeometry relative="1" as="geometry"><mxPoint x="460" y="170" as="targetPoint"/></mxGeometry></mxCell><mxCell id="34cfff1b992ebeaa-23" style="edgeStyle=orthogonalEdgeStyle;rounded=0;html=1;exitX=1;exitY=0.75;startArrow=none;startFill=0;endArrow=oval;endFill=0;jettySize=auto;orthogonalLoop=1;" edge="1" parent="1" source="34cfff1b992ebeaa-3"><mxGeometry relative="1" as="geometry"><mxPoint x="510" y="160" as="targetPoint"/></mxGeometry></mxCell><mxCell id="34cfff1b992ebeaa-40" style="edgeStyle=orthogonalEdgeStyle;rounded=0;html=1;exitX=0.5;exitY=1;entryX=0.5;entryY=0;startArrow=none;startFill=0;endArrow=none;endFill=0;jettySize=auto;orthogonalLoop=1;" edge="1" parent="1" source="34cfff1b992ebeaa-3" target="34cfff1b992ebeaa-39"><mxGeometry relative="1" as="geometry"/></mxCell><mxCell id="34cfff1b992ebeaa-75" value="(0,N)" style="text;html=1;resizable=0;points=[];align=center;verticalAlign=middle;labelBackgroundColor=#ffffff;" vertex="1" connectable="0" parent="34cfff1b992ebeaa-40"><mxGeometry x="-0.7175" y="1" relative="1" as="geometry"><mxPoint as="offset"/></mxGeometry></mxCell><mxCell id="34cfff1b992ebeaa-45" style="edgeStyle=orthogonalEdgeStyle;rounded=0;html=1;exitX=1;exitY=0.5;entryX=0;entryY=0.5;startArrow=none;startFill=0;endArrow=none;endFill=0;jettySize=auto;orthogonalLoop=1;" edge="1" parent="1" source="34cfff1b992ebeaa-3" target="34cfff1b992ebeaa-43"><mxGeometry relative="1" as="geometry"/></mxCell><mxCell id="34cfff1b992ebeaa-71" value="(0,N)" style="text;html=1;resizable=0;points=[];align=center;verticalAlign=middle;labelBackgroundColor=#ffffff;" vertex="1" connectable="0" parent="34cfff1b992ebeaa-45"><mxGeometry x="-0.6042" relative="1" as="geometry"><mxPoint x="11" as="offset"/></mxGeometry></mxCell><mxCell id="34cfff1b992ebeaa-3" value="UTENTE" style="rounded=0;whiteSpace=wrap;html=1;fillColor=#ffffff;strokeColor=#000000;" vertex="1" parent="1"><mxGeometry x="354" y="90" width="120" height="60" as="geometry"/></mxCell><mxCell id="34cfff1b992ebeaa-47" style="edgeStyle=orthogonalEdgeStyle;rounded=0;html=1;exitX=0.5;exitY=1;startArrow=none;startFill=0;endArrow=none;endFill=0;jettySize=auto;orthogonalLoop=1;entryX=0.5;entryY=0;" edge="1" parent="1" source="34cfff1b992ebeaa-5" target="34cfff1b992ebeaa-44"><mxGeometry relative="1" as="geometry"><mxPoint x="749.9047619047619" y="341.0582333519345" as="targetPoint"/><Array as="points"/></mxGeometry></mxCell><mxCell id="34cfff1b992ebeaa-73" value="(1,1)" style="text;html=1;resizable=0;points=[];align=center;verticalAlign=middle;labelBackgroundColor=#ffffff;" vertex="1" connectable="0" parent="34cfff1b992ebeaa-47"><mxGeometry x="-0.7263" relative="1" as="geometry"><mxPoint y="-18" as="offset"/></mxGeometry></mxCell><mxCell id="34cfff1b992ebeaa-57" style="edgeStyle=orthogonalEdgeStyle;rounded=0;html=1;exitX=0.75;exitY=0;startArrow=none;startFill=0;endArrow=oval;endFill=0;jettySize=auto;orthogonalLoop=1;" edge="1" parent="1" source="34cfff1b992ebeaa-5"><mxGeometry relative="1" as="geometry"><mxPoint x="780.2857142857142" y="70" as="targetPoint"/></mxGeometry></mxCell><mxCell id="34cfff1b992ebeaa-60" style="edgeStyle=orthogonalEdgeStyle;rounded=0;html=1;exitX=0.25;exitY=0;startArrow=none;startFill=0;endArrow=oval;endFill=0;jettySize=auto;orthogonalLoop=1;" edge="1" parent="1" source="34cfff1b992ebeaa-5"><mxGeometry relative="1" as="geometry"><mxPoint x="720" y="70" as="targetPoint"/></mxGeometry></mxCell><mxCell id="34cfff1b992ebeaa-62" style="edgeStyle=orthogonalEdgeStyle;rounded=0;html=1;exitX=0.25;exitY=1;startArrow=none;startFill=0;endArrow=oval;endFill=1;jettySize=auto;orthogonalLoop=1;" edge="1" parent="1" source="34cfff1b992ebeaa-5"><mxGeometry relative="1" as="geometry"><mxPoint x="720.0930232558139" y="169.90697674418607" as="targetPoint"/></mxGeometry></mxCell><mxCell id="34cfff1b992ebeaa-5" value="RECENSIONE" style="rounded=0;whiteSpace=wrap;html=1;fillColor=#ffffff;strokeColor=#000000;" vertex="1" parent="1"><mxGeometry x="690" y="90" width="120" height="60" as="geometry"/></mxCell><mxCell id="34cfff1b992ebeaa-49" style="edgeStyle=orthogonalEdgeStyle;rounded=0;html=1;exitX=0.75;exitY=1;startArrow=none;startFill=0;endArrow=oval;endFill=0;jettySize=auto;orthogonalLoop=1;" edge="1" parent="1" source="34cfff1b992ebeaa-6"><mxGeometry relative="1" as="geometry"><mxPoint x="444.20000000000005" y="470" as="targetPoint"/></mxGeometry></mxCell><mxCell id="34cfff1b992ebeaa-50" style="edgeStyle=orthogonalEdgeStyle;rounded=0;html=1;exitX=0.25;exitY=1;startArrow=none;startFill=0;endArrow=oval;endFill=0;jettySize=auto;orthogonalLoop=1;" edge="1" parent="1" source="34cfff1b992ebeaa-6"><mxGeometry relative="1" as="geometry"><mxPoint x="384.20000000000005" y="470" as="targetPoint"/></mxGeometry></mxCell><mxCell id="34cfff1b992ebeaa-53" style="edgeStyle=orthogonalEdgeStyle;rounded=0;html=1;exitX=0;exitY=0.5;startArrow=none;startFill=0;endArrow=oval;endFill=1;jettySize=auto;orthogonalLoop=1;" edge="1" parent="1" source="34cfff1b992ebeaa-6"><mxGeometry relative="1" as="geometry"><mxPoint x="330.20000000000005" y="420" as="targetPoint"/></mxGeometry></mxCell><mxCell id="34cfff1b992ebeaa-6" value="GIOCO" style="rounded=0;whiteSpace=wrap;html=1;fillColor=#ffffff;strokeColor=#000000;" vertex="1" parent="1"><mxGeometry x="354" y="390" width="120" height="60" as="geometry"/></mxCell><mxCell id="34cfff1b992ebeaa-9" style="edgeStyle=none;rounded=0;html=1;exitX=1;exitY=0.5;entryX=0;entryY=0.5;endArrow=none;endFill=0;jettySize=auto;orthogonalLoop=1;" edge="1" parent="1" source="34cfff1b992ebeaa-7" target="34cfff1b992ebeaa-3"><mxGeometry relative="1" as="geometry"/></mxCell><mxCell id="34cfff1b992ebeaa-13" value="(1,N)" style="text;html=1;resizable=0;points=[];align=center;verticalAlign=middle;labelBackgroundColor=#ffffff;" vertex="1" connectable="0" parent="34cfff1b992ebeaa-9"><mxGeometry x="-0.6366" relative="1" as="geometry"><mxPoint x="37" as="offset"/></mxGeometry></mxCell><mxCell id="34cfff1b992ebeaa-7" value="possedere" style="rhombus;whiteSpace=wrap;html=1;fillColor=#ffffff;strokeColor=#000000;" vertex="1" parent="1"><mxGeometry x="200" y="95" width="80" height="50" as="geometry"/></mxCell><mxCell id="34cfff1b992ebeaa-24" value="ID" style="text;html=1;resizable=0;points=[];autosize=1;align=left;verticalAlign=top;spacingTop=-4;" vertex="1" parent="1"><mxGeometry x="310" y="55" width="30" height="10" as="geometry"/></mxCell><mxCell id="34cfff1b992ebeaa-25" value="E-MAIL" style="text;html=1;resizable=0;points=[];autosize=1;align=left;verticalAlign=top;spacingTop=-4;" vertex="1" parent="1"><mxGeometry x="350" y="45" width="60" height="10" as="geometry"/></mxCell><mxCell id="34cfff1b992ebeaa-26" value="PASSWORD" style="text;html=1;resizable=0;points=[];autosize=1;align=left;verticalAlign=top;spacingTop=-4;" vertex="1" parent="1"><mxGeometry x="380" y="25" width="80" height="10" as="geometry"/></mxCell><mxCell id="34cfff1b992ebeaa-27" value="LIVELLO" style="text;html=1;resizable=0;points=[];autosize=1;align=left;verticalAlign=top;spacingTop=-4;" vertex="1" parent="1"><mxGeometry x="430" y="45" width="60" height="10" as="geometry"/></mxCell><mxCell id="34cfff1b992ebeaa-28" value="TIPO" style="text;html=1;resizable=0;points=[];autosize=1;align=left;verticalAlign=top;spacingTop=-4;" vertex="1" parent="1"><mxGeometry x="490" y="57" width="40" height="10" as="geometry"/></mxCell><mxCell id="34cfff1b992ebeaa-29" value="NOME" style="text;html=1;resizable=0;points=[];autosize=1;align=left;verticalAlign=top;spacingTop=-4;" vertex="1" parent="1"><mxGeometry x="300" y="170" width="50" height="10" as="geometry"/></mxCell><mxCell id="34cfff1b992ebeaa-31" value="PUNTI&lt;div&gt;&amp;nbsp;EXP&lt;/div&gt;" style="text;html=1;resizable=0;points=[];autosize=1;align=left;verticalAlign=top;spacingTop=-4;" vertex="1" parent="1"><mxGeometry x="350" y="175" width="50" height="30" as="geometry"/></mxCell><mxCell id="34cfff1b992ebeaa-37" value="USERNAME" style="text;html=1;resizable=0;points=[];autosize=1;align=left;verticalAlign=top;spacingTop=-4;" vertex="1" parent="1"><mxGeometry x="430" y="180" width="80" height="10" as="geometry"/></mxCell><mxCell id="34cfff1b992ebeaa-38" value="COGNOME" style="text;html=1;resizable=0;points=[];autosize=1;align=left;verticalAlign=top;spacingTop=-4;" vertex="1" parent="1"><mxGeometry x="500" y="166" width="80" height="10" as="geometry"/></mxCell><mxCell id="34cfff1b992ebeaa-41" style="edgeStyle=orthogonalEdgeStyle;rounded=0;html=1;exitX=0.5;exitY=1;entryX=0.5;entryY=0;startArrow=none;startFill=0;endArrow=none;endFill=0;jettySize=auto;orthogonalLoop=1;" edge="1" parent="1" source="34cfff1b992ebeaa-39" target="34cfff1b992ebeaa-6"><mxGeometry relative="1" as="geometry"/></mxCell><mxCell id="34cfff1b992ebeaa-42" value="(0,N)" style="text;html=1;resizable=0;points=[];align=center;verticalAlign=middle;labelBackgroundColor=#ffffff;" vertex="1" connectable="0" parent="34cfff1b992ebeaa-41"><mxGeometry x="0.6597" relative="1" as="geometry"><mxPoint as="offset"/></mxGeometry></mxCell><mxCell id="34cfff1b992ebeaa-65" style="rounded=0;html=1;exitX=1;exitY=1;startArrow=none;startFill=0;endArrow=oval;endFill=0;jettySize=auto;orthogonalLoop=1;" edge="1" parent="1" source="34cfff1b992ebeaa-39"><mxGeometry relative="1" as="geometry"><mxPoint x="450.20000000000005" y="290" as="targetPoint"/></mxGeometry></mxCell><mxCell id="34cfff1b992ebeaa-39" value="voto" style="rhombus;whiteSpace=wrap;html=1;fillColor=#ffffff;strokeColor=#000000;" vertex="1" parent="1"><mxGeometry x="374" y="240" width="80" height="50" as="geometry"/></mxCell><mxCell id="34cfff1b992ebeaa-46" style="edgeStyle=orthogonalEdgeStyle;rounded=0;html=1;exitX=1;exitY=0.5;entryX=0;entryY=0.5;startArrow=none;startFill=0;endArrow=none;endFill=0;jettySize=auto;orthogonalLoop=1;" edge="1" parent="1" source="34cfff1b992ebeaa-43" target="34cfff1b992ebeaa-5"><mxGeometry relative="1" as="geometry"/></mxCell><mxCell id="34cfff1b992ebeaa-72" value="(1,1)" style="text;html=1;resizable=0;points=[];align=center;verticalAlign=middle;labelBackgroundColor=#ffffff;" vertex="1" connectable="0" parent="34cfff1b992ebeaa-46"><mxGeometry x="0.1409" y="1" relative="1" as="geometry"><mxPoint x="-4" y="1" as="offset"/></mxGeometry></mxCell><mxCell id="34cfff1b992ebeaa-43" value="proporre" style="rhombus;whiteSpace=wrap;html=1;fillColor=#ffffff;strokeColor=#000000;" vertex="1" parent="1"><mxGeometry x="550" y="95" width="80" height="50" as="geometry"/></mxCell><mxCell id="34cfff1b992ebeaa-48" style="edgeStyle=orthogonalEdgeStyle;rounded=0;html=1;exitX=0;exitY=0.5;entryX=1;entryY=0.5;startArrow=none;startFill=0;endArrow=none;endFill=0;jettySize=auto;orthogonalLoop=1;" edge="1" parent="1" source="34cfff1b992ebeaa-44" target="34cfff1b992ebeaa-6"><mxGeometry relative="1" as="geometry"/></mxCell><mxCell id="34cfff1b992ebeaa-74" value="(0,N)" style="text;html=1;resizable=0;points=[];align=center;verticalAlign=middle;labelBackgroundColor=#ffffff;" vertex="1" connectable="0" parent="34cfff1b992ebeaa-48"><mxGeometry x="0.9141" y="1" relative="1" as="geometry"><mxPoint x="16" y="-1" as="offset"/></mxGeometry></mxCell><mxCell id="34cfff1b992ebeaa-44" value="descrizione" style="rhombus;whiteSpace=wrap;html=1;fillColor=#ffffff;strokeColor=#000000;" vertex="1" parent="1"><mxGeometry x="710" y="395" width="80" height="50" as="geometry"/></mxCell><mxCell id="34cfff1b992ebeaa-51" value="NOME" style="text;html=1;resizable=0;points=[];autosize=1;align=left;verticalAlign=top;spacingTop=-4;" vertex="1" parent="1"><mxGeometry x="364" y="479" width="50" height="10" as="geometry"/></mxCell><mxCell id="34cfff1b992ebeaa-52" value="EXP" style="text;html=1;resizable=0;points=[];autosize=1;align=left;verticalAlign=top;spacingTop=-4;" vertex="1" parent="1"><mxGeometry x="434" y="479" width="40" height="10" as="geometry"/></mxCell><mxCell id="34cfff1b992ebeaa-54" value="ID" style="text;html=1;resizable=0;points=[];autosize=1;align=left;verticalAlign=top;spacingTop=-4;" vertex="1" parent="1"><mxGeometry x="300" y="410" width="30" height="10" as="geometry"/></mxCell><mxCell id="34cfff1b992ebeaa-58" value="APPROVAZIONE" style="text;html=1;resizable=0;points=[];autosize=1;align=left;verticalAlign=top;spacingTop=-4;" vertex="1" parent="1"><mxGeometry x="735" y="45" width="110" height="10" as="geometry"/></mxCell><mxCell id="34cfff1b992ebeaa-59" value="TESTO" style="text;html=1;resizable=0;points=[];autosize=1;align=left;verticalAlign=top;spacingTop=-4;" vertex="1" parent="1"><mxGeometry x="675" y="47" width="60" height="10" as="geometry"/></mxCell><mxCell id="34cfff1b992ebeaa-63" value="ID" style="text;html=1;resizable=0;points=[];autosize=1;align=left;verticalAlign=top;spacingTop=-4;" vertex="1" parent="1"><mxGeometry x="710" y="175" width="30" height="10" as="geometry"/></mxCell><mxCell id="34cfff1b992ebeaa-66" value="votazione" style="text;html=1;resizable=0;points=[];autosize=1;align=left;verticalAlign=top;spacingTop=-4;" vertex="1" parent="1"><mxGeometry x="450" y="290" width="70" height="10" as="geometry"/></mxCell><mxCell id="34cfff1b992ebeaa-68" value="" style="endArrow=none;html=1;edgeStyle=orthogonalEdgeStyle;" edge="1" parent="1"><mxGeometry width="50" height="50" relative="1" as="geometry"><mxPoint x="180" y="139.85186767578125" as="sourcePoint"/><mxPoint x="90" y="80" as="targetPoint"/><Array as="points"><mxPoint x="180" y="80"/></Array></mxGeometry></mxCell><mxCell id="34cfff1b992ebeaa-69" value="DATA" style="text;html=1;resizable=0;points=[];autosize=1;align=left;verticalAlign=top;spacingTop=-4;" vertex="1" parent="1"><mxGeometry x="30" y="45" width="50" height="10" as="geometry"/></mxCell><mxCell id="34cfff1b992ebeaa-70" value="LIVELLO" style="text;html=1;resizable=0;points=[];autosize=1;align=left;verticalAlign=top;spacingTop=-4;" vertex="1" parent="1"><mxGeometry x="90" y="47" width="60" height="10" as="geometry"/></mxCell></root></mxGraphModel>